config,problem,strategy,hypervolume,restoration,restoration_enabled,status,feasible,iterations,bb_evals,bb_evals_detail,sim_calls,f_steps,theta_steps,rejected,restorations,frp_solves,restoration_phases,final_obj,final_theta,wall_s
full,powell,1,1,1,1,POSSIBLY AN OPTIMAL SOLUTION IS FOUND,1,6,42,block1:21|block2:21,,0,2,4,0,2,2,20.75838216073391,4.359089533778615e-09,3.9
full,colville,1,1,1,1,POSSIBLY AN OPTIMAL SOLUTION IS FOUND,1,9,150,block1:30|block2:40|block3:40|block4:40,,0,9,0,0,0,0,9963.473574806443,1.669199939380306e-08,5.7
full,alkylation,1,1,1,1,POSSIBLY AN OPTIMAL SOLUTION IS FOUND,1,7,32,block1:16|block2:16,,1,6,0,0,0,0,1129.5651105483976,1.2782250813359042e-09,6.2
full,williams_otto,1,1,1,1,OPTIMAL SOLUTION FOUND,1,37,450,block1:150|block2:150|block3:150,,9,10,17,0,6,6,115.2632058702784,6.268833489642134e-06,24.2
full,hetero_scale,1,1,1,1,OPTIMAL SOLUTION FOUND,1,39,290,block1:74|block2:108|block3:108,,1,27,10,0,3,3,2.946004978598612,1.580692573360798e-09,24.9
full,noisy_bb,1,1,1,1,POSSIBLY AN OPTIMAL SOLUTION IS FOUND,1,37,192,block1:96|block2:96,,7,7,16,7,14,8,0.00010188312538761397,2.1245772030553667e-07,23.3
full,rosenbrock_bb,1,1,1,1,POSSIBLY AN OPTIMAL SOLUTION IS FOUND,1,38,177,block1:72|block2:105,,11,8,17,2,10,8,2.421831840476041e-06,1.2681303083366194e-12,24.0
full,six_bb_chain,1,1,1,1,POSSIBLY AN OPTIMAL SOLUTION IS FOUND,1,23,396,block1:66|block2:66|block3:66|block4:66|block5:66|block6:66,,4,3,6,10,12,3,0.057457730902136774,5.240134803352614e-06,16.8
full,infeasible_start,1,1,1,1,OPTIMAL SOLUTION FOUND,1,17,162,block1:54|block2:54|block3:54,,4,2,4,7,9,2,0.6415415190914783,5.196900536574844e-07,11.1
full,recycle_loop,1,1,1,1,POSSIBLY AN OPTIMAL SOLUTION IS FOUND,1,9,20,block1:20,,3,3,3,0,1,1,30.851673326658553,2.14500783290994e-06,6.6
full,multimodal,1,1,1,1,POSSIBLY AN OPTIMAL SOLUTION IS FOUND,1,43,78,block1:78,,9,8,22,3,10,7,0.39002156045739184,2.8979683236451947e-13,28.7
full,ill_conditioned,1,1,1,1,OPTIMAL SOLUTION FOUND,1,8,35,block1:18|block2:17,,1,3,4,0,1,1,2.997585912537872,4.744343529150541e-10,5.9
full,active_set_churn,1,1,1,1,FEASIBLE SOLUTION FOUND,1,81,552,block1:184|block2:184|block3:184,,14,20,32,13,25,13,-2.0286841324315357,5.725377631549122e-06,51.4
full,stiff_bb,1,1,1,1,POSSIBLY AN OPTIMAL SOLUTION IS FOUND,1,13,70,block1:28|block2:42,,3,6,4,0,2,2,9.489346848449125e-16,7.263402357349236e-06,9.7
full,highdim_sep_10,1,1,1,1,POSSIBLY AN OPTIMAL SOLUTION IS FOUND,1,21,430,block00:43|block01:43|block02:43|block03:43|block04:43|block05:43|block06:43|block07:43|block08:43|block09:43,,6,2,8,5,7,3,1.2320052348086457,1.802104048209685e-07,14.7
full,highdim_sep_20,1,1,1,1,POSSIBLY AN OPTIMAL SOLUTION IS FOUND,1,22,920,block00:46|block01:46|block02:46|block03:46|block04:46|block05:46|block06:46|block07:46|block08:46|block09:46|block10:46|block11:46|block12:46|block13:46|block14:46|block15:46|block16:46|block17:46|block18:46|block19:46,,6,3,5,8,10,2,2.52906437696641,4.385630747449909e-10,16.7
full,highdim_sep_40,1,1,1,1,POSSIBLY AN OPTIMAL SOLUTION IS FOUND,1,26,2080,block00:52|block01:52|block02:52|block03:52|block04:52|block05:52|block06:52|block07:52|block08:52|block09:52|block10:52|block11:52|block12:52|block13:52|block14:52|block15:52|block16:52|block17:52|block18:52|block19:52|block20:52|block21:52|block22:52|block23:52|block24:52|block25:52|block26:52|block27:52|block28:52|block29:52|block30:52|block31:52|block32:52|block33:52|block34:52|block35:52|block36:52|block37:52|block38:52|block39:52,,6,4,6,10,13,3,5.146977343119383,8.157689967980275e-09,19.9
full,highdim_coupled_10,1,1,1,1,OPTIMAL SOLUTION FOUND,1,19,660,block0:220|block1:220|block2:220,,4,11,4,0,2,2,2.800559019317915,1.549856516902537e-06,13.0
full,highdim_coupled_20,1,1,1,1,OPTIMAL SOLUTION FOUND,1,21,1386,block0:462|block1:462|block2:462,,5,11,5,0,2,2,5.6011176218441205,3.501624219914845e-06,14.6
full,HDA,1,1,1,1,POSSIBLY AN OPTIMAL SOLUTION IS FOUND,1,45,7120,block1:2002|block2:3888|block3:1230,reactor:280|flash:280|distillation:226,17,12,9,7,11,4,-64628.24758009643,6.6856182884869375e-06,32.8
full_R2,powell,1,1,2,1,POSSIBLY AN OPTIMAL SOLUTION IS FOUND,1,150,586,block1:293|block2:293,,2,48,100,0,50,50,30.300474414748102,1.1321561543040186e-09,100.5
full_R2,colville,1,1,2,1,POSSIBLY AN OPTIMAL SOLUTION IS FOUND,1,9,150,block1:30|block2:40|block3:40|block4:40,,0,9,0,0,0,0,9963.473574806443,1.669199939380306e-08,6.9
full_R2,alkylation,1,1,2,1,POSSIBLY AN OPTIMAL SOLUTION IS FOUND,1,7,32,block1:16|block2:16,,1,6,0,0,0,0,1129.5651105483976,1.2782250813359042e-09,5.4
full_R2,williams_otto,1,1,2,1,OPTIMAL SOLUTION FOUND,1,27,336,block1:112|block2:112|block3:112,,5,9,12,1,6,5,108.6523233181296,7.52534617731726e-07,18.6
full_R2,hetero_scale,1,1,2,1,OPTIMAL SOLUTION FOUND,1,45,273,block1:73|block2:100|block3:100,,0,21,15,9,16,7,2.9742310965928356,1.8204745689332294e-06,29.5
full_R2,noisy_bb,1,1,2,1,POSSIBLY AN OPTIMAL SOLUTION IS FOUND,1,95,392,block1:196|block2:196,,15,19,36,24,41,17,0.00019219360453667182,1.8017720648799695e-10,59.6
full_R2,rosenbrock_bb,1,1,2,1,RESTORATION STATIONARY -- NOT FEASIBLE,0,129,427,block1:183|block2:244,,25,20,43,41,61,21,2.454085524086562e-09,0.00014178382734211374,80.7
full_R2,six_bb_chain,1,1,2,1,OPTIMAL SOLUTION FOUND,1,26,474,block1:79|block2:79|block3:79|block4:79|block5:79|block6:79,,5,10,8,3,7,4,0.057452475825444514,7.235637020097663e-07,18.8
full_R2,infeasible_start,1,1,2,1,OPTIMAL SOLUTION FOUND,1,17,162,block1:54|block2:54|block3:54,,3,9,4,1,3,2,0.6415414963986372,5.778363960651234e-07,13.0
full_R2,recycle_loop,1,1,2,1,POSSIBLY AN OPTIMAL SOLUTION IS FOUND,1,10,22,block1:22,,3,4,3,0,1,1,30.851760849928986,2.1983152520554938e-08,7.2
full_R2,multimodal,1,1,2,1,FEASIBLE SOLUTION FOUND (restoration stationary),1,147,201,block1:201,,0,45,92,10,55,46,3.4738704012021144,7.974504168117846e-09,89.8
full_R2,ill_conditioned,1,1,2,1,POSSIBLY AN OPTIMAL SOLUTION IS FOUND,1,9,39,block1:20|block2:19,,2,4,3,0,1,1,2.9975249529451555,1.928925713046148e-07,6.5
full_R2,active_set_churn,1,1,2,1,RESTORATION STATIONARY -- NOT FEASIBLE,0,65,423,block1:141|block2:141|block3:141,,3,17,34,11,27,17,0.581684834519397,4.820592390516673e-05,42.0
full_R2,stiff_bb,1,1,2,1,POSSIBLY AN OPTIMAL SOLUTION IS FOUND,1,21,107,block1:43|block2:64,,4,3,6,8,11,3,1.0077539010757112e-15,3.848314111820628e-09,14.1
full_R2,highdim_sep_10,1,1,2,1,OPTIMAL SOLUTION FOUND,1,23,470,block00:47|block01:47|block02:47|block03:47|block04:47|block05:47|block06:47|block07:47|block08:47|block09:47,,5,8,7,3,6,3,1.2320038732970797,2.781055541190014e-06,16.0
full_R2,highdim_sep_20,1,1,2,1,OPTIMAL SOLUTION FOUND,1,26,1080,block00:54|block01:54|block02:54|block03:54|block04:54|block05:54|block06:54|block07:54|block08:54|block09:54|block10:54|block11:54|block12:54|block13:54|block14:54|block15:54|block16:54|block17:54|block18:54|block19:54,,6,10,7,3,6,3,2.528893635808864,2.4144356181032833e-08,18.0
full_R2,highdim_sep_40,1,1,2,1,OPTIMAL SOLUTION FOUND,1,26,2120,block00:53|block01:53|block02:53|block03:53|block04:53|block05:53|block06:53|block07:53|block08:53|block09:53|block10:53|block11:53|block12:53|block13:53|block14:53|block15:53|block16:53|block17:53|block18:53|block19:53|block20:53|block21:53|block22:53|block23:53|block24:53|block25:53|block26:53|block27:53|block28:53|block29:53|block30:53|block31:53|block32:53|block33:53|block34:53|block35:53|block36:53|block37:53|block38:53|block39:53,,5,11,6,4,7,3,5.146743496364553,7.749288633007723e-08,19.5
full_R2,highdim_coupled_10,1,1,2,1,OPTIMAL SOLUTION FOUND,1,16,561,block0:187|block1:187|block2:187,,3,8,3,2,3,1,2.8005627305243093,3.2560956628735482e-06,11.1
full_R2,highdim_coupled_20,1,1,2,1,OPTIMAL SOLUTION FOUND,1,17,1134,block0:378|block1:378|block2:378,,4,8,3,2,3,1,5.601119808771187,1.5760297786826527e-06,12.5
full_R2,HDA,1,1,2,1,FEASIBLE SOLUTION FOUND,1,154,16399,block1:4641|block2:8868|block3:2890,reactor:569|flash:557|distillation:482,35,32,26,59,68,10,-64628.2400143541,1.5228754288413918e-06,171.7
no_hv,powell,1,0,1,1,POSSIBLY AN OPTIMAL SOLUTION IS FOUND,1,6,34,block1:17|block2:17,,0,2,4,0,2,2,20.79787166566429,2.3931854276071363e-08,5.7
no_hv,colville,1,0,1,1,POSSIBLY AN OPTIMAL SOLUTION IS FOUND,1,31,387,block1:78|block2:103|block3:103|block4:103,,2,12,6,11,13,2,9963.47401434129,5.486333609638905e-12,23.4
no_hv,alkylation,1,0,1,1,POSSIBLY AN OPTIMAL SOLUTION IS FOUND,1,7,32,block1:16|block2:16,,1,6,0,0,0,0,1129.5651092925082,1.4876988529977098e-13,7.2
no_hv,williams_otto,1,0,1,1,OPTIMAL SOLUTION FOUND,1,55,663,block1:221|block2:221|block3:221,,13,14,25,0,8,8,120.68681730012179,4.229390260235277e-08,37.2
no_hv,hetero_scale,1,0,1,1,OPTIMAL SOLUTION FOUND,1,36,256,block1:66|block2:95|block3:95,,2,23,11,0,4,4,2.9461957088664255,1.8328508849529968e-11,28.3
no_hv,noisy_bb,1,0,1,1,POSSIBLY AN OPTIMAL SOLUTION IS FOUND,1,58,252,block1:126|block2:126,,13,15,30,0,15,15,0.02259865408717416,2.4913935359194284e-08,35.8
no_hv,rosenbrock_bb,1,0,1,1,POSSIBLY AN OPTIMAL SOLUTION IS FOUND,1,22,88,block1:37|block2:51,,5,5,9,3,7,4,3.0450613084374267e-10,7.937204145221199e-08,15.5
no_hv,six_bb_chain,1,0,1,1,POSSIBLY AN OPTIMAL SOLUTION IS FOUND,1,15,252,block1:42|block2:42|block3:42|block4:42|block5:42|block6:42,,3,6,6,0,2,2,0.05745305751815173,5.327586073577972e-06,11.7
no_hv,infeasible_start,1,0,1,1,POSSIBLY AN OPTIMAL SOLUTION IS FOUND,1,16,117,block1:39|block2:39|block3:39,,3,1,4,8,10,2,0.6415422425404803,1.847912933783391e-10,11.1
no_hv,recycle_loop,1,0,1,1,POSSIBLY AN OPTIMAL SOLUTION IS FOUND,1,9,19,block1:19,,3,3,3,0,1,1,30.851680568267547,1.9686537633401002e-06,10.8
no_hv,multimodal,1,0,1,1,POSSIBLY AN OPTIMAL SOLUTION IS FOUND,1,35,54,block1:54,,7,6,18,3,9,6,0.3908561260121615,1.2094870686582548e-09,24.5
no_hv,ill_conditioned,1,0,1,1,OPTIMAL SOLUTION FOUND,1,8,34,block1:18|block2:16,,1,3,4,0,1,1,2.99756138658645,1.0383166548777467e-10,8.8
no_hv,active_set_churn,1,0,1,1,POSSIBLY AN OPTIMAL SOLUTION IS FOUND,1,104,639,block1:213|block2:213|block3:213,,14,27,57,3,27,24,-1.9398813165902118,5.230239645270807e-07,69.2
no_hv,stiff_bb,1,0,1,1,POSSIBLY AN OPTIMAL SOLUTION IS FOUND,1,20,99,block1:40|block2:59,,2,16,2,0,1,1,9.29845001608181e-16,4.607439785253575e-06,17.1
no_hv,highdim_sep_10,1,0,1,1,POSSIBLY AN OPTIMAL SOLUTION IS FOUND,1,26,420,block00:42|block01:42|block02:42|block03:42|block04:42|block05:42|block06:42|block07:42|block08:42|block09:42,,6,2,8,10,13,3,1.2323469578521502,2.980627300530614e-09,19.4
no_hv,highdim_sep_20,1,0,1,1,POSSIBLY AN OPTIMAL SOLUTION IS FOUND,1,25,800,block00:40|block01:40|block02:40|block03:40|block04:40|block05:40|block06:40|block07:40|block08:40|block09:40|block10:40|block11:40|block12:40|block13:40|block14:40|block15:40|block16:40|block17:40|block18:40|block19:40,,6,2,7,10,13,3,2.5295798974916615,1.0687880580562137e-09,19.0
no_hv,highdim_sep_40,1,0,1,1,POSSIBLY AN OPTIMAL SOLUTION IS FOUND,1,33,2080,block00:52|block01:52|block02:52|block03:52|block04:52|block05:52|block06:52|block07:52|block08:52|block09:52|block10:52|block11:52|block12:52|block13:52|block14:52|block15:52|block16:52|block17:52|block18:52|block19:52|block20:52|block21:52|block22:52|block23:52|block24:52|block25:52|block26:52|block27:52|block28:52|block29:52|block30:52|block31:52|block32:52|block33:52|block34:52|block35:52|block36:52|block37:52|block38:52|block39:52,,7,4,10,12,16,4,5.147088239656451,1.7807290531024478e-08,31.2
no_hv,highdim_coupled_10,1,0,1,1,OPTIMAL SOLUTION FOUND,1,17,594,block0:198|block1:198|block2:198,,4,8,5,0,2,2,2.8005627707259886,3.066180150224085e-06,11.9
no_hv,highdim_coupled_20,1,0,1,1,OPTIMAL SOLUTION FOUND,1,18,1197,block0:399|block1:399|block2:399,,5,8,5,0,2,2,5.601121061586586,1.91345239120011e-06,13.4
no_hv,HDA,1,0,1,1,POSSIBLY AN OPTIMAL SOLUTION IS FOUND,1,83,10527,block1:2961|block2:5736|block3:1830,reactor:418|flash:415|distillation:299,27,23,15,16,23,7,-64628.240310553556,7.21649907771905e-08,69.4
no_restoration,powell,1,1,1,0,OPTIMAL SOLUTION FOUND,1,108,506,block1:253|block2:253,,26,23,56,0,0,0,1.6931900266662145e-08,2.28260885706375e-06,94.3
no_restoration,colville,1,1,1,0,POSSIBLY AN OPTIMAL SOLUTION IS FOUND,1,9,150,block1:30|block2:40|block3:40|block4:40,,0,9,0,0,0,0,9963.473574806443,1.669199939380306e-08,6.4
no_restoration,alkylation,1,1,1,0,POSSIBLY AN OPTIMAL SOLUTION IS FOUND,1,7,32,block1:16|block2:16,,1,6,0,0,0,0,1129.5651105483976,1.2782250813359042e-09,5.8
no_restoration,williams_otto,1,1,1,0,OPTIMAL SOLUTION FOUND,1,153,1830,block1:610|block2:610|block3:610,,34,40,76,0,0,0,121.10497525719822,8.573985021520514e-06,112.0
no_restoration,hetero_scale,1,1,1,0,OPTIMAL SOLUTION FOUND,1,61,466,block1:118|block2:174|block3:174,,0,45,16,0,0,0,2.946003659013308,2.1042444568629068e-06,42.7
no_restoration,noisy_bb,1,1,1,0,POSSIBLY AN OPTIMAL SOLUTION IS FOUND,1,22,118,block1:59|block2:59,,4,0,18,0,0,0,0.00010143986823775508,4.2771342023684156e-09,17.4
no_restoration,rosenbrock_bb,1,1,1,0,POSSIBLY AN OPTIMAL SOLUTION IS FOUND,1,20,102,block1:41|block2:61,,6,0,14,0,0,0,1.788221020686597e-08,8.83254006259693e-06,15.1
no_restoration,six_bb_chain,1,1,1,0,POSSIBLY AN OPTIMAL SOLUTION IS FOUND,1,22,342,block1:57|block2:57|block3:57|block4:57|block5:57|block6:57,,4,2,16,0,0,0,0.057452650863611635,6.450532330504188e-10,15.8
no_restoration,infeasible_start,1,1,1,0,OPTIMAL SOLUTION FOUND,1,14,129,block1:43|block2:43|block3:43,,3,3,8,0,0,0,0.6415416632914663,1.4259507956637663e-06,10.5
no_restoration,recycle_loop,1,1,1,0,POSSIBLY AN OPTIMAL SOLUTION IS FOUND,1,7,16,block1:16,,3,2,2,0,0,0,30.851761621671088,1.9041998533531057e-08,6.1
no_restoration,multimodal,1,1,1,0,OPTIMAL SOLUTION FOUND,1,90,152,block1:152,,13,28,49,0,0,0,0.3894412911025053,9.42316457017145e-07,56.4
no_restoration,ill_conditioned,1,1,1,0,OPTIMAL SOLUTION FOUND,1,12,51,block1:26|block2:25,,2,2,8,0,0,0,2.997524752558523,6.544275954478707e-10,9.3
no_restoration,active_set_churn,1,1,1,0,POSSIBLY AN OPTIMAL SOLUTION IS FOUND,1,97,654,block1:218|block2:218|block3:218,,18,23,54,0,0,0,-2.02868344863305,3.7005665198819315e-10,67.4
no_restoration,stiff_bb,1,1,1,0,POSSIBLY AN OPTIMAL SOLUTION IS FOUND,1,13,64,block1:26|block2:38,,3,3,7,0,0,0,1.002459284689129e-15,1.190414411045282e-06,10.5
no_restoration,highdim_sep_10,1,1,1,0,OPTIMAL SOLUTION FOUND,1,25,490,block00:49|block01:49|block02:49|block03:49|block04:49|block05:49|block06:49|block07:49|block08:49|block09:49,,6,2,17,0,0,0,1.2320041423208299,5.3054705073662944e-09,19.7
no_restoration,highdim_sep_20,1,1,1,0,OPTIMAL SOLUTION FOUND,1,25,1020,block00:51|block01:51|block02:51|block03:51|block04:51|block05:51|block06:51|block07:51|block08:51|block09:51|block10:51|block11:51|block12:51|block13:51|block14:51|block15:51|block16:51|block17:51|block18:51|block19:51,,7,3,15,0,0,0,2.528893640713689,1.4877877818619822e-09,17.5
no_restoration,highdim_sep_40,1,1,1,0,OPTIMAL SOLUTION FOUND,1,23,1880,block00:47|block01:47|block02:47|block03:47|block04:47|block05:47|block06:47|block07:47|block08:47|block09:47|block10:47|block11:47|block12:47|block13:47|block14:47|block15:47|block16:47|block17:47|block18:47|block19:47|block20:47|block21:47|block22:47|block23:47|block24:47|block25:47|block26:47|block27:47|block28:47|block29:47|block30:47|block31:47|block32:47|block33:47|block34:47|block35:47|block36:47|block37:47|block38:47|block39:47,,6,4,13,0,0,0,5.14674361071358,9.804527580925537e-07,20.4
no_restoration,highdim_coupled_10,1,1,1,0,OPTIMAL SOLUTION FOUND,1,16,561,block0:187|block1:187|block2:187,,4,5,7,0,0,0,2.8005612885463984,1.5934442219034395e-06,13.6
no_restoration,highdim_coupled_20,1,1,1,0,OPTIMAL SOLUTION FOUND,1,18,1137,block0:379|block1:379|block2:379,,5,5,8,0,0,0,5.601121527338585,2.4949261758777652e-06,14.8
no_restoration,HDA,1,1,1,0,TRSP STALLED -- NOT FEASIBLE,0,77,2282,block1:644|block2:1248|block3:390,reactor:92|flash:92|distillation:78,2,1,71,0,0,0,-34864.168266476525,172.83370212731884,65.2
filter,powell,0,1,1,1,POSSIBLY AN OPTIMAL SOLUTION IS FOUND,1,16,102,block1:51|block2:51,,0,6,10,0,5,5,3899.8978525162274,7.993004522144354e-11,13.9
filter,colville,0,1,1,1,POSSIBLY AN OPTIMAL SOLUTION IS FOUND,1,9,150,block1:30|block2:40|block3:40|block4:40,,0,9,0,0,0,0,9963.473574806443,1.669199939380306e-08,7.4
filter,alkylation,0,1,1,1,POSSIBLY AN OPTIMAL SOLUTION IS FOUND,1,7,32,block1:16|block2:16,,0,7,0,0,0,0,1129.5651105483976,1.2782250813359042e-09,5.3
filter,williams_otto,0,1,1,1,OPTIMAL SOLUTION FOUND,1,69,822,block1:274|block2:274|block3:274,,4,38,24,3,12,9,120.98099293675477,1.7843615527368684e-06,48.7
filter,hetero_scale,0,1,1,1,OPTIMAL SOLUTION FOUND,1,12,104,block1:26|block2:39|block3:39,,0,5,7,0,3,3,3.0940801765975467,8.877138234567039e-10,9.8
filter,noisy_bb,0,1,1,1,POSSIBLY AN OPTIMAL SOLUTION IS FOUND,1,6,42,block1:21|block2:21,,1,5,0,0,0,0,0.00010139165472361771,4.778778475600376e-06,5.0
filter,rosenbrock_bb,0,1,1,1,POSSIBLY AN OPTIMAL SOLUTION IS FOUND,1,8,45,block1:18|block2:27,,1,7,0,0,0,0,8.662418538644454e-14,8.038452835770976e-07,6.5
filter,six_bb_chain,0,1,1,1,OPTIMAL SOLUTION FOUND,1,11,216,block1:36|block2:36|block3:36|block4:36|block5:36|block6:36,,5,5,1,0,0,0,0.05745253029326043,6.94970228309888e-07,8.2
filter,infeasible_start,0,1,1,1,OPTIMAL SOLUTION FOUND,1,8,81,block1:27|block2:27|block3:27,,1,5,2,0,0,0,0.6415422292262456,8.68929643971228e-06,6.0
filter,recycle_loop,0,1,1,1,POSSIBLY AN OPTIMAL SOLUTION IS FOUND,1,5,12,block1:12,,1,4,0,0,0,0,30.851755304389727,1.7228168058824878e-07,4.3
filter,multimodal,0,1,1,1,Maximum iterations,0,201,124,block1:124,,6,31,29,135,144,10,0.3883122261407007,0.0018135979573870309,117.2
filter,ill_conditioned,0,1,1,1,POSSIBLY AN OPTIMAL SOLUTION IS FOUND,1,7,28,block1:16|block2:12,,4,3,0,0,0,0,2.997526544061314,1.1962482948935094e-06,5.3
filter,active_set_churn,0,1,1,1,Maximum iterations,0,201,681,block1:227|block2:227|block3:227,,10,38,24,128,137,10,-2.0287261322293015,0.0007544827570848955,146.0
filter,stiff_bb,0,1,1,1,POSSIBLY AN OPTIMAL SOLUTION IS FOUND,1,22,112,block1:45|block2:67,,0,14,7,1,4,3,1.007716542045221e-15,3.523581426634337e-11,19.2
filter,highdim_sep_10,0,1,1,1,POSSIBLY AN OPTIMAL SOLUTION IS FOUND,1,13,280,block00:28|block01:28|block02:28|block03:28|block04:28|block05:28|block06:28|block07:28|block08:28|block09:28,,1,11,1,0,0,0,1.2320140092620642,3.6763467332612265e-06,12.0
filter,highdim_sep_20,0,1,1,1,POSSIBLY AN OPTIMAL SOLUTION IS FOUND,1,13,560,block00:28|block01:28|block02:28|block03:28|block04:28|block05:28|block06:28|block07:28|block08:28|block09:28|block10:28|block11:28|block12:28|block13:28|block14:28|block15:28|block16:28|block17:28|block18:28|block19:28,,0,11,2,0,0,0,2.52890138970856,7.482040804585033e-06,10.7
filter,highdim_sep_40,0,1,1,1,POSSIBLY AN OPTIMAL SOLUTION IS FOUND,1,17,1440,block00:36|block01:36|block02:36|block03:36|block04:36|block05:36|block06:36|block07:36|block08:36|block09:36|block10:36|block11:36|block12:36|block13:36|block14:36|block15:36|block16:36|block17:36|block18:36|block19:36|block20:36|block21:36|block22:36|block23:36|block24:36|block25:36|block26:36|block27:36|block28:36|block29:36|block30:36|block31:36|block32:36|block33:36|block34:36|block35:36|block36:36|block37:36|block38:36|block39:36,,3,11,3,0,0,0,5.146744048745877,5.259846516114663e-07,14.4
filter,highdim_coupled_10,0,1,1,1,OPTIMAL SOLUTION FOUND,1,14,495,block0:165|block1:165|block2:165,,3,11,0,0,0,0,2.8005662579953596,4.739396855857336e-06,10.8
filter,highdim_coupled_20,0,1,1,1,OPTIMAL SOLUTION FOUND,1,14,945,block0:315|block1:315|block2:315,,2,12,0,0,0,0,5.601132515990717,9.478793703721067e-06,11.6
filter,HDA,0,1,1,1,Maximum iterations,0,201,2776,block1:826|block2:1440|block3:510,reactor:118|flash:118|distillation:101,0,1,2,198,198,1,-19865.534301850515,491.91373322224507,153.9
